{"test_acc":0.6832844574780058,"epoch":2,"_runtime":75.4022429,"train_acc":0.7098039215686275,"train_f1":0.707538603538288,"test_f1":0.6862713580991164,"test_precision":0.7340216451000533,"train_recall":0.7098039215686275,"test_loss":0.8927057488572913,"train_loss":0.697944497127159,"_timestamp":1.7304519673745897e+09,"_step":5,"test_recall":0.6832844574780058,"train_precision":0.7057986563557009,"_wandb":{"runtime":75}}