{"_wandb":{"runtime":7662},"test_recall":0.6351543942992874,"test_precision":0.6383817903438954,"train_recall":0.6356294536817102,"test_loss":0.8220967725167082,"train_precision":0.6377242520247319,"test_acc":0.6351543942992874,"train_f1":0.629127542715261,"_step":19,"_timestamp":1.7318777675893555e+09,"test_f1":0.6214412137870718,"_runtime":7662.6759989,"train_loss":0.8146879683386591,"train_acc":0.6356294536817102,"epoch":19}