{"epoch":19,"train_acc":0.48440221694378466,"_runtime":4355.1967756,"train_precision":0.45822049394878006,"train_recall":0.48440221694378466,"test_f1":0.3293820457715944,"_step":19,"train_loss":1.1202198011386233,"_wandb":{"runtime":4355},"train_f1":0.31827296484320494,"test_precision":0.24644974921152554,"test_loss":1.1148852784956436,"_timestamp":1.7318823097443247e+09,"test_acc":0.49643705463182897,"test_recall":0.49643705463182897}