{"_runtime":2841.8446462,"test_loss":0.5015297650936946,"test_recall":0.7862232779097387,"train_acc":0.784639746634996,"train_recall":0.784639746634996,"train_f1":0.7844578721299197,"_step":19,"epoch":19,"train_precision":0.7845120572214811,"test_acc":0.7862232779097387,"train_loss":0.4900099084477338,"test_f1":0.7872382637263147,"test_precision":0.7921421104164488,"_timestamp":1.7318667976218803e+09,"_wandb":{"runtime":2841}}