{"test_acc":0.797624703087886,"train_recall":0.8202692003167062,"_timestamp":1.7318697595484586e+09,"test_f1":0.7986935965615901,"test_recall":0.797624703087886,"train_precision":0.8201265486441639,"train_f1":0.8200834905071188,"test_loss":0.521330879278251,"test_precision":0.8059780921888616,"epoch":19,"train_acc":0.8202692003167062,"_step":19,"_wandb":{"runtime":2923},"_runtime":2923.6790195,"train_loss":0.42900507051795606}