{"train_acc":0.40936147186147187,"train_f1":0.24066880489201503,"train_loss":1.3240421860765068,"test_loss":1.3016667085535385,"train_recall":0.40936147186147187,"train_specificity":0.7498390751817557,"train_precision":0.23722866837308873,"test_roc_auc":0.5835912426149602,"test_specificity":0.75,"train_sensitivity":0.24957203216169,"epoch":19,"test_sensitivity":0.25,"test_f1":0.26194610192281526,"_runtime":5145.7987454,"_step":19,"_timestamp":1.7324467792315807e+09,"test_recall":0.4332657200811359,"_wandb":{"runtime":5145},"test_precision":0.1877191841974252,"test_acc":0.4332657200811359,"train_roc_auc":0.49687288526729356}