{"epoch":6,"train_recall":0.7107843137254902,"_timestamp":1.7304526340332947e+09,"test_recall":0.6480938416422287,"train_precision":0.7090747079047571,"test_f1":0.6503164870320296,"_wandb":{"runtime":165},"test_loss":0.7283182897525798,"test_acc":0.6480938416422287,"train_f1":0.7082632772650554,"train_loss":0.711647471259622,"_step":13,"train_acc":0.7107843137254902,"_runtime":165.0727106,"test_precision":0.6968562006653298}