{"train_precision":0.6060379825725583,"train_loss":0.8633650148990885,"_step":15,"test_loss":0.7675930075294332,"test_acc":0.6598574821852732,"_runtime":2124.396254,"_timestamp":1.7307968796803286e+09,"test_precision":0.6907067498004129,"test_f1":0.662767119664769,"_wandb":{"runtime":2124},"train_acc":0.6109263657957245,"train_recall":0.6109263657957245,"train_f1":0.6039989784242613,"test_recall":0.6598574821852732,"epoch":1}