{"train_acc":0.7205067300079177,"test_loss":0.5814146006758593,"_wandb":{"runtime":1555},"_step":11,"epoch":5,"_runtime":1555.1709262,"test_recall":0.7420427553444181,"train_recall":0.7205067300079177,"test_f1":0.7434110062871202,"test_precision":0.7600541312776167,"train_loss":0.6282547053701804,"train_precision":0.7200868155535679,"train_f1":0.7198203963143758,"test_acc":0.7420427553444181,"_timestamp":1.7304659939305384e+09}