{"test_acc":0.7420427553444181,"test_recall":0.7420427553444181,"train_f1":0.7198203963143758,"epoch":5,"train_recall":0.7205067300079177,"_runtime":613.2649904,"train_loss":0.6282547053701804,"train_precision":0.7200868155535679,"test_f1":0.7434110062871202,"_wandb":{"runtime":613},"_step":5,"test_precision":0.7600541312776167,"train_acc":0.7205067300079177,"test_loss":0.5814146006758593,"_timestamp":1.7304651609149885e+09}