{"test_loss":0.47412605512170497,"test_recall":0.8038004750593825,"train_f1":0.8085316594098045,"train_loss":0.467586002539569,"train_precision":0.8087725415081408,"_step":19,"_runtime":5091.8994497,"test_precision":0.8047537109635863,"test_acc":0.8038004750593825,"test_f1":0.8041601713783304,"_wandb":{"runtime":5091},"train_acc":0.8087094220110848,"epoch":19,"_timestamp":1.7318638947562134e+09,"train_recall":0.8087094220110848}