{"test_acc":0.8300202839756592,"epoch":19,"test_f1":0.8300611778928342,"_timestamp":1.7324405609145372e+09,"test_recall":0.8300202839756592,"train_sensitivity":0.866505314971378,"test_specificity":0.9338083450587933,"test_roc_auc":0.9435658059687874,"train_f1":0.8526743807257379,"train_acc":0.8528138528138528,"_step":19,"_wandb":{"runtime":3458},"train_loss":0.3484872133184821,"train_precision":0.8526837243121066,"train_specificity":0.945098761844126,"test_sensitivity":0.8386699729816938,"train_recall":0.8528138528138528,"_runtime":3458.5991103,"test_precision":0.8323054110985044,"test_loss":0.44526875854581294,"train_roc_auc":0.9615566328217399}