{"train_acc":0.7479018210609659,"_timestamp":1.7318587331575515e+09,"test_precision":0.7367873371885052,"_step":19,"_wandb":{"runtime":2903},"epoch":19,"test_loss":0.587980308385473,"train_recall":0.7479018210609659,"train_loss":0.5664719997939852,"test_recall":0.734916864608076,"train_f1":0.7473217712338419,"test_acc":0.734916864608076,"_runtime":2903.978842,"train_precision":0.7481403693905818,"test_f1":0.73324939300994}