{"_timestamp":1.7304522326069899e+09,"_runtime":73.3341629,"test_acc":0.6832844574780058,"_step":5,"test_f1":0.6862713580991164,"test_loss":0.8927057488572913,"train_precision":0.7057986563557009,"train_f1":0.707538603538288,"test_precision":0.7340216451000533,"epoch":2,"test_recall":0.6832844574780058,"train_recall":0.7098039215686275,"_wandb":{"runtime":73},"train_loss":0.697944497127159,"train_acc":0.7098039215686275}