{"_runtime":3419.5853436,"_timestamp":1.7323945241792817e+09,"test_f1":0.7854688446043637,"train_loss":0.5249216504943319,"train_acc":0.770021645021645,"train_sensitivity":0.7888944816036901,"train_specificity":0.9143914728517474,"test_sensitivity":0.8185085448834619,"test_acc":0.7845841784989858,"epoch":19,"train_roc_auc":0.9168367190890809,"test_specificity":0.9218170376304495,"train_f1":0.7697266768363417,"train_recall":0.770021645021645,"_step":19,"test_roc_auc":0.924789809038607,"_wandb":{"runtime":3419},"train_precision":0.7697705443785496,"test_loss":0.5069158795894205,"test_precision":0.7912748139685546,"test_recall":0.7845841784989858}