{"train_recall":0.6738365800865801,"_step":19,"_timestamp":1.732461345564736e+09,"test_sensitivity":0.6996106660498326,"train_f1":0.670218429574429,"_wandb":{"runtime":10066},"train_roc_auc":0.8544379007989621,"epoch":19,"test_specificity":0.8836106142376048,"test_loss":0.6818173410110251,"test_f1":0.6978444646047514,"train_sensitivity":0.6726412555717776,"test_recall":0.7038539553752535,"test_acc":0.7038539553752535,"train_loss":0.7244027751735794,"_runtime":10066.9697271,"test_roc_auc":0.8635366802374171,"train_specificity":0.8758956701781723,"train_precision":0.677130256730517,"test_precision":0.7058748189027116,"train_acc":0.6738365800865801}