{"test_acc":0.8085192697768763,"test_f1":0.8079659139091637,"test_roc_auc":0.943944927678096,"train_recall":0.8253517316017316,"_wandb":{"runtime":3254},"epoch":19,"test_sensitivity":0.852010733445506,"train_roc_auc":0.9462037206223465,"_runtime":3254.4140844,"test_loss":0.45329848908738735,"train_acc":0.8253517316017316,"train_specificity":0.9347980102663505,"train_precision":0.8250247533742029,"test_specificity":0.9327633104527431,"_timestamp":1.7324349671192024e+09,"test_precision":0.8183688803171507,"test_recall":0.8085192697768763,"train_sensitivity":0.839599487774056,"train_loss":0.416834365786154,"train_f1":0.8249585534376463,"_step":19}