{"train_recall":0.6109263657957245,"test_f1":0.662767119664769,"_timestamp":1.7304664500818763e+09,"_runtime":1761.8018071,"test_acc":0.6598574821852732,"train_precision":0.6060379825725583,"test_precision":0.6907067498004129,"train_loss":0.8633650148990885,"_step":13,"epoch":1,"train_acc":0.6109263657957245,"train_f1":0.6039989784242613,"test_recall":0.6598574821852732,"_wandb":{"runtime":1761},"test_loss":0.7675930075294332}