{"train_precision":0.787208124685667,"_step":19,"_wandb":{"runtime":3249},"_timestamp":1.732401293880195e+09,"train_loss":0.48073648696854,"_runtime":3249.161251,"test_acc":0.749290060851927,"test_precision":0.7677008125431856,"test_f1":0.7510574593877285,"test_roc_auc":0.9171684435386854,"test_specificity":0.9108294638845646,"train_roc_auc":0.9283473167520682,"train_specificity":0.9199379524222231,"train_f1":0.7864442963530577,"train_sensitivity":0.8008149470974606,"epoch":19,"test_sensitivity":0.7965240364904073,"test_loss":0.5385929144737566,"train_acc":0.7866612554112554,"train_recall":0.7866612554112554,"test_recall":0.749290060851927}