{"train_precision":0.7103700808193564,"test_f1":0.7381326775704975,"train_acc":0.7110055423594616,"test_loss":0.5860469166569925,"test_precision":0.7426668915343657,"_step":5,"_wandb":{"runtime":928},"train_recall":0.7110055423594616,"train_f1":0.7101250595693872,"_runtime":928.0467378,"epoch":5,"test_recall":0.7377672209026128,"train_loss":0.6495636954537858,"_timestamp":1.730464485876051e+09,"test_acc":0.7377672209026128}