{"epoch":19,"test_loss":0.6070532892633786,"_wandb":{"runtime":2930},"train_precision":0.7114912909817793,"train_recall":0.7122723673792557,"train_loss":0.6438755228702548,"test_recall":0.7396674584323041,"train_f1":0.7112561547145626,"train_acc":0.7122723673792557,"_runtime":2930.1719974,"test_f1":0.7308676007060537,"_step":19,"test_acc":0.7396674584323041,"test_precision":0.7415485046436392,"_timestamp":1.7318854837578728e+09}