{"test_acc":0.8085192697768763,"test_recall":0.8085192697768763,"_step":19,"test_f1":0.8099495986856242,"train_loss":0.40164985465796993,"test_sensitivity":0.8390081521894559,"test_precision":0.8167270758107276,"_wandb":{"runtime":5947},"train_roc_auc":0.9488814194159899,"train_precision":0.8300121555790302,"test_loss":0.4318432179372191,"train_sensitivity":0.8444260712685165,"train_specificity":0.9364023502971692,"train_acc":0.8300865800865801,"_runtime":5947.4739991,"test_specificity":0.930070608420008,"train_recall":0.8300865800865801,"_timestamp":1.7324073245452323e+09,"epoch":19,"train_f1":0.829816028344164,"test_roc_auc":0.9428740393616368}